{
  "n": 50,
  "1nn": 0.36,
  "3nn": 0.4,
  "cohen_d": 0.3760696743096258,
  "p_value": 3.808552885499878e-06,
  "mean_within_minus_between": 0.0674094557762146,
  "params": {
    "radius": 8.0,
    "gamma_fm": 0.0,
    "sigma_t": 0.04,
    "a_hyd": 1.0,
    "a_charge": 1.0,
    "a_vol": 0.5
  }
}