{
  "n": 50,
  "1nn": 0.42,
  "3nn": 0.46,
  "cohen_d": 0.3307874013369975,
  "p_value": 0.00012856940067252205,
  "mean_within_minus_between": 0.0461365282535553,
  "params": {
    "radius": 10.0,
    "gamma_fm": 0.15,
    "sigma_t": 0.04,
    "a_hyd": 1.0,
    "a_charge": 0.0,
    "a_vol": 0.5
  }
}