{
  "n": 50,
  "1nn": 0.36,
  "3nn": 0.4,
  "cohen_d": 0.347236884075014,
  "p_value": 5.354495384444137e-05,
  "mean_within_minus_between": 0.06514450907707214,
  "params": {
    "radius": 8.0,
    "gamma_fm": 0.1,
    "sigma_t": 0.04,
    "a_hyd": 1.0,
    "a_charge": 1.0,
    "a_vol": 0.0
  }
}