{
  "n": 50,
  "1nn": 0.4,
  "3nn": 0.36,
  "cohen_d": 0.38499714821744185,
  "p_value": 1.9370138835548255e-06,
  "mean_within_minus_between": 0.06750386953353882,
  "params": {
    "radius": 8.0,
    "gamma_fm": 0.0,
    "sigma_t": 0.06,
    "a_hyd": 1.0,
    "a_charge": 0.0,
    "a_vol": 0.5
  }
}