{
  "n": 50,
  "1nn": 0.36,
  "3nn": 0.42,
  "cohen_d": 0.22566685783325865,
  "p_value": 0.005082645887797742,
  "mean_within_minus_between": 0.02382439374923706,
  "params": {
    "radius": 10.0,
    "gamma_fm": 0.0,
    "sigma_t": 0.06,
    "a_hyd": 1.0,
    "a_charge": 1.0,
    "a_vol": 0.0
  }
}