{
  "n": 50,
  "1nn": 0.26,
  "3nn": 0.38,
  "cohen_d": 0.44880318723099144,
  "p_value": 1.4158249141370356e-07,
  "mean_within_minus_between": 0.0796961784362793,
  "params": {
    "radius": 8.0,
    "gamma_fm": 0.15,
    "sigma_t": 0.06,
    "a_hyd": 0.0,
    "a_charge": 1.0,
    "a_vol": 0.5
  }
}