{
  "n": 50,
  "1nn": 0.36,
  "3nn": 0.38,
  "cohen_d": 0.3227735000333443,
  "p_value": 0.00019757973130154243,
  "mean_within_minus_between": 0.06111663579940796,
  "params": {
    "radius": 8.0,
    "gamma_fm": 0.15,
    "sigma_t": 0.06,
    "a_hyd": 1.0,
    "a_charge": 1.0,
    "a_vol": 0.5
  }
}