{
  "n": 50,
  "1nn": 0.38,
  "3nn": 0.3,
  "cohen_d": 0.31825750047010715,
  "p_value": 0.00015064661317900052,
  "mean_within_minus_between": 0.04232370853424072,
  "params": {
    "radius": 10.0,
    "gamma_fm": 0.1,
    "sigma_t": 0.04,
    "a_hyd": 1.0,
    "a_charge": 0.0,
    "a_vol": 0.5
  }
}