method,spearman_rho,p_value,ci95_lo,ci95_hi,n_pairs
PAF (wave+FFT),0.10164767318281416,0.03405478159007069,0.0026367899210739433,0.19513791284223714,435
FP-A (composition),0.036583534639478554,0.4466155919566467,-0.048904273758529425,0.12531097271817984,435
FP-B (radial hist),-0.05226923172244682,0.2766974671030004,-0.14161063815120226,0.041594577772466265,435
FP-B-log (radial log),0.08642892860423042,0.0717340286692671,-0.005666310179646165,0.1779260893770991,435
FP-C (sorted concat),-0.3171192106563722,1.2829516549078267e-11,-0.40671307832768855,-0.23021492476139843,435
