{
  "n": 50,
  "1nn": 0.34,
  "3nn": 0.32,
  "cohen_d": 0.49438870941382423,
  "p_value": 3.0560188134071328e-09,
  "mean_within_minus_between": 0.08144545555114746,
  "params": {
    "radius": 8.0,
    "gamma_fm": 0.15,
    "sigma_t": 0.02,
    "a_hyd": 0.0,
    "a_charge": 1.0,
    "a_vol": 0.5
  }
}