method,n,1nn,3nn,cohen_d,p_value,within_between_gap
PAF_v1,50,0.42,0.44,0.4900417614275247,2.6253742291260096e-07,0.08542713522911072
FP-A_mean,50,0.3,0.3,0.13064185806103576,0.08447881010777403,0.0019175410270690918
FP-B_radial,50,0.3,0.32,0.0494156558677147,0.5991860810443697,0.0081329345703125
FP-C_sorted,50,0.26,0.3,0.3153300010619765,2.755217531080767e-05,0.03734397888183594
