{
  "method": "PAF_v1",
  "n": 50,
  "1nn": 0.42,
  "3nn": 0.44,
  "cohen_d": 0.4900417614275247,
  "p_value": 2.6253742291260096e-07,
  "within_between_gap": 0.08542713522911072,
  "params": {
    "radius": 8.0,
    "gamma_fm": 0.15,
    "sigma_t": 0.06,
    "a_hyd": 1.0,
    "a_charge": 1.0,
    "a_vol": 0.0,
    "n_shells": 16,
    "max_res": 60
  }
}