{
  "method": "FP-B_radial",
  "n": 50,
  "1nn": 0.3,
  "3nn": 0.32,
  "cohen_d": 0.0494156558677147,
  "p_value": 0.5991860810443697,
  "within_between_gap": 0.0081329345703125,
  "params": {
    "radius": 8.0,
    "gamma_fm": 0.15,
    "sigma_t": 0.06,
    "a_hyd": 1.0,
    "a_charge": 1.0,
    "a_vol": 0.0,
    "n_shells": 16,
    "max_res": 60
  }
}