{
  "n": 50,
  "1nn": 0.4,
  "3nn": 0.42,
  "cohen_d": 0.33135580876490955,
  "p_value": 0.00010756291237956006,
  "mean_within_minus_between": 0.059870898723602295,
  "params": {
    "radius": 8.0,
    "gamma_fm": 0.1,
    "sigma_t": 0.02,
    "a_hyd": 1.0,
    "a_charge": 1.0,
    "a_vol": 0.0
  }
}