{
  "n": 50,
  "1nn": 0.28,
  "3nn": 0.38,
  "cohen_d": 0.4638423709777484,
  "p_value": 4.553338504329593e-08,
  "mean_within_minus_between": 0.08143723011016846,
  "params": {
    "radius": 8.0,
    "gamma_fm": 0.15,
    "sigma_t": 0.04,
    "a_hyd": 0.0,
    "a_charge": 1.0,
    "a_vol": 0.5
  }
}