{
  "n": 50,
  "1nn": 0.36,
  "3nn": 0.32,
  "cohen_d": 0.2794823012547693,
  "p_value": 0.0013027451538821337,
  "mean_within_minus_between": 0.05442368984222412,
  "params": {
    "radius": 8.0,
    "gamma_fm": 0.1,
    "sigma_t": 0.02,
    "a_hyd": 1.0,
    "a_charge": 1.0,
    "a_vol": 0.5
  }
}