{
  "subfamily_spectral_pca_sweep": {
    "no_pca": {
      "n_components": 7680,
      "accuracy": 0.7875457875457875,
      "balanced_accuracy": 0.7494047619047619,
      "variance_explained": 1.0
    },
    "pca_30": {
      "n_components": 30,
      "accuracy": 0.7728937728937729,
      "balanced_accuracy": 0.7333333333333334,
      "variance_explained": 0.8355643035635041
    },
    "pca_50": {
      "n_components": 50,
      "accuracy": 0.7765567765567766,
      "balanced_accuracy": 0.7388605442176871,
      "variance_explained": 0.9306859884974333
    },
    "pca_100": {
      "n_components": 100,
      "accuracy": 0.7838827838827839,
      "balanced_accuracy": 0.7456632653061225,
      "variance_explained": 0.9888322414677359
    },
    "pca_200": {
      "n_components": 200,
      "accuracy": 0.7838827838827839,
      "balanced_accuracy": 0.7456632653061225,
      "variance_explained": 0.9994163764874603
    }
  },
  "subfamily_spectral": {
    "accuracy": 0.7875457875457875,
    "balanced_accuracy": 0.7494047619047619,
    "cohens_d": 1.7024551457740067,
    "p_value": 0.0,
    "n_structures": 273,
    "n_subfamilies": 42
  },
  "subfamily_mean": {
    "accuracy": 0.575091575091575,
    "balanced_accuracy": 0.5554232804232805,
    "cohens_d": 0.7161542846394451,
    "p_value": 0.0,
    "n_structures": 273,
    "n_subfamilies": 42
  },
  "subfamily_radial": {
    "accuracy": 0.2271062271062271,
    "balanced_accuracy": 0.21146069538926687,
    "cohens_d": 0.17124726737640103,
    "p_value": 0.0,
    "n_structures": 273,
    "n_subfamilies": 42
  },
  "dfg_spectral": {
    "accuracy": 0.9857142857142858,
    "balanced_accuracy": 0.9590103937930026,
    "cohens_d": 0.1517054830969888,
    "p_value": 0.0,
    "n_in": 253,
    "n_out": 27,
    "per_class": {
      "in": {
        "recall": 0.9920948616600791,
        "n": 253
      },
      "out": {
        "recall": 0.9259259259259259,
        "n": 27
      }
    }
  },
  "dfg_mean": {
    "accuracy": 0.9535714285714286,
    "balanced_accuracy": 0.8419704289269507,
    "cohens_d": 0.007656062740766075,
    "p_value": 0.0,
    "n_in": 253,
    "n_out": 27,
    "per_class": {
      "in": {
        "recall": 0.9802371541501976,
        "n": 253
      },
      "out": {
        "recall": 0.7037037037037037,
        "n": 27
      }
    }
  },
  "dfg_radial": {
    "accuracy": 0.9214285714285714,
    "balanced_accuracy": 0.741472697994437,
    "cohens_d": -0.03095117141617187,
    "p_value": 0.0,
    "n_in": 253,
    "n_out": 27,
    "per_class": {
      "in": {
        "recall": 0.9644268774703557,
        "n": 253
      },
      "out": {
        "recall": 0.5185185185185185,
        "n": 27
      }
    }
  }
}