{
  "n": 50,
  "1nn": 0.36,
  "3nn": 0.28,
  "cohen_d": 0.323883324555401,
  "p_value": 0.00011089611103957908,
  "mean_within_minus_between": 0.04418736696243286,
  "params": {
    "radius": 10.0,
    "gamma_fm": 0.1,
    "sigma_t": 0.06,
    "a_hyd": 1.0,
    "a_charge": 0.0,
    "a_vol": 0.5
  }
}