{
  "n": 50,
  "1nn": 0.36,
  "3nn": 0.4,
  "cohen_d": 0.37145675135573286,
  "p_value": 3.6298551139926158e-06,
  "mean_within_minus_between": 0.061621665954589844,
  "params": {
    "radius": 8.0,
    "gamma_fm": 0.0,
    "sigma_t": 0.04,
    "a_hyd": 0.0,
    "a_charge": 1.0,
    "a_vol": 0.5
  }
}