{
  "n": 50,
  "1nn": 0.44,
  "3nn": 0.44,
  "cohen_d": 0.36334436454118674,
  "p_value": 2.2921939919287976e-05,
  "mean_within_minus_between": 0.05239054560661316,
  "params": {
    "radius": 10.0,
    "gamma_fm": 0.1,
    "sigma_t": 0.06,
    "a_hyd": 1.0,
    "a_charge": 1.0,
    "a_vol": 0.0
  }
}