{
  "n": 50,
  "1nn": 0.4,
  "3nn": 0.42,
  "cohen_d": 0.29111507695792976,
  "p_value": 0.0007470374570075146,
  "mean_within_minus_between": 0.038897812366485596,
  "params": {
    "radius": 10.0,
    "gamma_fm": 0.15,
    "sigma_t": 0.02,
    "a_hyd": 1.0,
    "a_charge": 1.0,
    "a_vol": 0.5
  }
}