{
  "n": 50,
  "1nn": 0.34,
  "3nn": 0.38,
  "cohen_d": 0.1577431563364977,
  "p_value": 0.05295708903492319,
  "mean_within_minus_between": 0.01658099889755249,
  "params": {
    "radius": 10.0,
    "gamma_fm": 0.0,
    "sigma_t": 0.04,
    "a_hyd": 0.0,
    "a_charge": 1.0,
    "a_vol": 0.5
  }
}