{
  "n": 50,
  "1nn": 0.42,
  "3nn": 0.42,
  "cohen_d": 0.3294149983582801,
  "p_value": 0.00014039218866044526,
  "mean_within_minus_between": 0.04512333869934082,
  "params": {
    "radius": 10.0,
    "gamma_fm": 0.15,
    "sigma_t": 0.04,
    "a_hyd": 1.0,
    "a_charge": 1.0,
    "a_vol": 0.5
  }
}