{
  "n": 50,
  "1nn": 0.46,
  "3nn": 0.46,
  "cohen_d": 0.3641374852261415,
  "p_value": 1.421871935841505e-05,
  "mean_within_minus_between": 0.045782625675201416,
  "params": {
    "radius": 10.0,
    "gamma_fm": 0.15,
    "sigma_t": 0.02,
    "a_hyd": 0.0,
    "a_charge": 1.0,
    "a_vol": 0.5
  }
}