{
  "n": 50,
  "1nn": 0.32,
  "3nn": 0.26,
  "cohen_d": 0.12747223166320454,
  "p_value": 0.11626048556523529,
  "mean_within_minus_between": 0.011721432209014893,
  "params": {
    "radius": 10.0,
    "gamma_fm": 0.0,
    "sigma_t": 0.04,
    "a_hyd": 1.0,
    "a_charge": 0.0,
    "a_vol": 0.5
  }
}