method,dfg_1nn,dfg_3nn,dfg_cohen_d,dfg_p_value,kinase_1nn,kinase_cohen_d
PAF_v1,0.5714285714285714,0.6071428571428571,0.25434197776979633,0.01362646440779014,0.14285714285714285,0.7319102214089523
FP-A_mean,0.32142857142857145,0.42857142857142855,-0.055047078809037135,0.5914544570620743,0.10714285714285714,0.32198699218952204
FP-B_radial,0.6428571428571429,0.5,0.15577306287966008,0.13190964741787536,0.07142857142857142,0.14442740364183906
