{
  "n": 50,
  "1nn": 0.42,
  "3nn": 0.44,
  "cohen_d": 0.28749448797133953,
  "p_value": 0.0006661074500810804,
  "mean_within_minus_between": 0.03718668222427368,
  "params": {
    "radius": 10.0,
    "gamma_fm": 0.1,
    "sigma_t": 0.02,
    "a_hyd": 1.0,
    "a_charge": 1.0,
    "a_vol": 0.5
  }
}