{
  "n": 50,
  "1nn": 0.34,
  "3nn": 0.4,
  "cohen_d": 0.2313887725703226,
  "p_value": 0.003984727814565554,
  "mean_within_minus_between": 0.02392345666885376,
  "params": {
    "radius": 10.0,
    "gamma_fm": 0.0,
    "sigma_t": 0.04,
    "a_hyd": 1.0,
    "a_charge": 1.0,
    "a_vol": 0.0
  }
}