{
  "n": 50,
  "1nn": 0.48,
  "3nn": 0.42,
  "cohen_d": 0.3922654026192159,
  "p_value": 4.581212455344607e-06,
  "mean_within_minus_between": 0.05290147662162781,
  "params": {
    "radius": 10.0,
    "gamma_fm": 0.15,
    "sigma_t": 0.06,
    "a_hyd": 1.0,
    "a_charge": 1.0,
    "a_vol": 0.0
  }
}