{
  "n": 50,
  "1nn": 0.34,
  "3nn": 0.38,
  "cohen_d": 0.15074453372775706,
  "p_value": 0.06457648587295604,
  "mean_within_minus_between": 0.015010654926300049,
  "params": {
    "radius": 10.0,
    "gamma_fm": 0.0,
    "sigma_t": 0.02,
    "a_hyd": 0.0,
    "a_charge": 1.0,
    "a_vol": 0.5
  }
}