{
  "n": 50,
  "1nn": 0.36,
  "3nn": 0.4,
  "cohen_d": 0.37700238191009744,
  "p_value": 3.671836063337836e-06,
  "mean_within_minus_between": 0.06828385591506958,
  "params": {
    "radius": 8.0,
    "gamma_fm": 0.0,
    "sigma_t": 0.06,
    "a_hyd": 1.0,
    "a_charge": 1.0,
    "a_vol": 0.5
  }
}