{
  "n": 50,
  "1nn": 0.34,
  "3nn": 0.44,
  "cohen_d": 0.29017926891637885,
  "p_value": 0.0008312691242783677,
  "mean_within_minus_between": 0.05419260263442993,
  "params": {
    "radius": 8.0,
    "gamma_fm": 0.15,
    "sigma_t": 0.02,
    "a_hyd": 1.0,
    "a_charge": 1.0,
    "a_vol": 0.5
  }
}