{
  "n": 50,
  "1nn": 0.38,
  "3nn": 0.42,
  "cohen_d": 0.3493806972613698,
  "p_value": 2.1881202973890502e-05,
  "mean_within_minus_between": 0.04226022958755493,
  "params": {
    "radius": 10.0,
    "gamma_fm": 0.1,
    "sigma_t": 0.02,
    "a_hyd": 0.0,
    "a_charge": 1.0,
    "a_vol": 0.5
  }
}