{
  "n": 50,
  "1nn": 0.32,
  "3nn": 0.36,
  "cohen_d": 0.25668266530158645,
  "p_value": 0.001183217397665966,
  "mean_within_minus_between": 0.024119138717651367,
  "params": {
    "radius": 10.0,
    "gamma_fm": 0.0,
    "sigma_t": 0.02,
    "a_hyd": 1.0,
    "a_charge": 1.0,
    "a_vol": 0.0
  }
}