{
  "n": 50,
  "1nn": 0.28,
  "3nn": 0.3,
  "cohen_d": 0.16381390237284277,
  "p_value": 0.04132272705649966,
  "mean_within_minus_between": 0.016518056392669678,
  "params": {
    "radius": 10.0,
    "gamma_fm": 0.0,
    "sigma_t": 0.06,
    "a_hyd": 1.0,
    "a_charge": 1.0,
    "a_vol": 0.5
  }
}