{
  "n": 50,
  "1nn": 0.32,
  "3nn": 0.34,
  "cohen_d": 0.15893880348844336,
  "p_value": 0.048646375097757405,
  "mean_within_minus_between": 0.015603899955749512,
  "params": {
    "radius": 10.0,
    "gamma_fm": 0.0,
    "sigma_t": 0.04,
    "a_hyd": 1.0,
    "a_charge": 1.0,
    "a_vol": 0.5
  }
}