{
  "n": 50,
  "1nn": 0.34,
  "3nn": 0.34,
  "cohen_d": 0.3446969881763381,
  "p_value": 2.0125179337976477e-05,
  "mean_within_minus_between": 0.061525166034698486,
  "params": {
    "radius": 8.0,
    "gamma_fm": 0.0,
    "sigma_t": 0.04,
    "a_hyd": 1.0,
    "a_charge": 1.0,
    "a_vol": 0.0
  }
}