{
  "n": 50,
  "1nn": 0.5,
  "3nn": 0.52,
  "cohen_d": 0.3790603982856875,
  "p_value": 8.978173092300104e-06,
  "mean_within_minus_between": 0.051761895418167114,
  "params": {
    "radius": 10.0,
    "gamma_fm": 0.15,
    "sigma_t": 0.04,
    "a_hyd": 0.0,
    "a_charge": 1.0,
    "a_vol": 0.5
  }
}