{
  "n": 50,
  "1nn": 0.42,
  "3nn": 0.42,
  "cohen_d": 0.41889914442880954,
  "p_value": 4.1974909950339327e-07,
  "mean_within_minus_between": 0.05981755256652832,
  "params": {
    "radius": 10.0,
    "gamma_fm": 0.1,
    "sigma_t": 0.06,
    "a_hyd": 0.0,
    "a_charge": 1.0,
    "a_vol": 0.5
  }
}