{
  "n": 50,
  "1nn": 0.32,
  "3nn": 0.26,
  "cohen_d": 0.1298971582033812,
  "p_value": 0.10788407006456377,
  "mean_within_minus_between": 0.012413859367370605,
  "params": {
    "radius": 10.0,
    "gamma_fm": 0.0,
    "sigma_t": 0.06,
    "a_hyd": 1.0,
    "a_charge": 0.0,
    "a_vol": 0.5
  }
}