{
  "n": 50,
  "1nn": 0.4,
  "3nn": 0.42,
  "cohen_d": 0.30329662649503164,
  "p_value": 0.0003141913900205265,
  "mean_within_minus_between": 0.036735355854034424,
  "params": {
    "radius": 10.0,
    "gamma_fm": 0.1,
    "sigma_t": 0.02,
    "a_hyd": 1.0,
    "a_charge": 0.0,
    "a_vol": 0.5
  }
}