{
  "n": 50,
  "1nn": 0.32,
  "3nn": 0.36,
  "cohen_d": 0.3869469272755774,
  "p_value": 3.399263541009009e-06,
  "mean_within_minus_between": 0.07089975476264954,
  "params": {
    "radius": 8.0,
    "gamma_fm": 0.1,
    "sigma_t": 0.06,
    "a_hyd": 0.0,
    "a_charge": 1.0,
    "a_vol": 0.5
  }
}