{
  "n": 50,
  "1nn": 0.3,
  "3nn": 0.26,
  "cohen_d": 0.13492150133266131,
  "p_value": 0.10044006119883632,
  "mean_within_minus_between": 0.010991990566253662,
  "params": {
    "radius": 10.0,
    "gamma_fm": 0.0,
    "sigma_t": 0.02,
    "a_hyd": 1.0,
    "a_charge": 0.0,
    "a_vol": 0.5
  }
}