{
  "n": 50,
  "1nn": 0.36,
  "3nn": 0.38,
  "cohen_d": 0.3148239815215475,
  "p_value": 0.00029724854926305676,
  "mean_within_minus_between": 0.06257709860801697,
  "params": {
    "radius": 8.0,
    "gamma_fm": 0.1,
    "sigma_t": 0.04,
    "a_hyd": 1.0,
    "a_charge": 0.0,
    "a_vol": 0.5
  }
}