{
  "n": 50,
  "1nn": 0.42,
  "3nn": 0.4,
  "cohen_d": 0.3715435281678575,
  "p_value": 4.559053902889995e-06,
  "mean_within_minus_between": 0.06470215320587158,
  "params": {
    "radius": 8.0,
    "gamma_fm": 0.0,
    "sigma_t": 0.04,
    "a_hyd": 1.0,
    "a_charge": 0.0,
    "a_vol": 0.5
  }
}