{
  "n": 50,
  "1nn": 0.36,
  "3nn": 0.44,
  "cohen_d": 0.28937741531631184,
  "p_value": 0.0007808957554255554,
  "mean_within_minus_between": 0.03803616762161255,
  "params": {
    "radius": 10.0,
    "gamma_fm": 0.15,
    "sigma_t": 0.02,
    "a_hyd": 1.0,
    "a_charge": 0.0,
    "a_vol": 0.5
  }
}