{
  "n": 50,
  "1nn": 0.44,
  "3nn": 0.44,
  "cohen_d": 0.32396608512158714,
  "p_value": 0.00020520600575148112,
  "mean_within_minus_between": 0.06552359461784363,
  "params": {
    "radius": 8.0,
    "gamma_fm": 0.1,
    "sigma_t": 0.06,
    "a_hyd": 1.0,
    "a_charge": 0.0,
    "a_vol": 0.5
  }
}