{
  "n": 50,
  "1nn": 0.4,
  "3nn": 0.46,
  "cohen_d": 0.39952256781660866,
  "p_value": 1.3657033199771041e-06,
  "mean_within_minus_between": 0.05447709560394287,
  "params": {
    "radius": 10.0,
    "gamma_fm": 0.1,
    "sigma_t": 0.04,
    "a_hyd": 0.0,
    "a_charge": 1.0,
    "a_vol": 0.5
  }
}