{
  "n": 50,
  "1nn": 0.34,
  "3nn": 0.4,
  "cohen_d": 0.26707347939957654,
  "p_value": 0.002196345180936473,
  "mean_within_minus_between": 0.04737904667854309,
  "params": {
    "radius": 8.0,
    "gamma_fm": 0.15,
    "sigma_t": 0.02,
    "a_hyd": 1.0,
    "a_charge": 0.0,
    "a_vol": 0.5
  }
}